name,brand_score,status,type,strength,risk
"Telechir","94","NAME_CONDITIONAL","Autêntico","Termo histórico real para manipulador remoto semelhante a uma mão; melhor fit semântico e storytelling.","Nenhuma colisão comercial de software material encontrada no screening; domínio e trademark oficiais pendentes."
"Clevren","87","FINALIST","Construído","Curto, forte em PT/EN/ES e ligado a linkage/motion.","Nenhum repo exato no GitHub; clearance de marca/domínio ainda pendente."
"Ferenis","85","FINALIST","Construído","Som natural e narrativa de condução/transmissão.","Baixa colisão comercial preliminar; ocorrências pessoais não impeditivas; trademark/domínio pendentes."
"Kheric","82","FINALIST","Construído","Raiz de 'kheir/cheir' preserva a metáfora de mão.","É sobrenome e topônimo raros; radio test menos previsível."
"Tactren","81","FINALIST","Construído","Evoca tato, ação e transferência; oralidade razoável.","Storytelling mais fabricado; clearance oficial pendente."
"Rivrel","78","BACKUP","Construído","Compacto e mecânico.","Narrativa mais retrofitted; menor autenticidade."
"Ferenel","77","BACKUP","Construído","Pronúncia previsível.","Menos distintivo e menos memorável."
"Wevren","75","BACKUP","Construído","Remete a weave/coordenação.","Semântica indireta."
"Helven","73","BACKUP","Construído","Boa oralidade.","História fraca para a categoria."
"Telchir","72","BACKUP","Contração","Mais curto que Telechir e baixa colisão preliminar.","Perde autenticidade e exige explicar a contração."